time,x_displacement,y_displacement
0.033025300000000035,0.0,0.0
0.1421637,0.0,0.0
0.14391330000000002,0.0,0.0
0.1457097,0.0,0.0
0.14740390000000003,0.0,0.0
0.14908540000000003,0.0,0.0
0.15078400000000003,0.0,6.5024
0.1525453,0.0,6.5024
0.1542461,0.0,6.5024
0.15593990000000002,0.0,6.5024
0.15755770000000002,0.0,6.5024
0.15911619999999999,0.0,6.5024
0.1606882,0.0,6.5024
0.1622571,0.0,6.5024
0.1638227,0.0,6.5024
0.16538350000000002,0.0,6.5024
0.16695740000000003,0.0,6.5024
0.1685223,0.0,6.5024
0.17008830000000003,0.0,6.5024
0.1716585,0.0,6.5024
0.173236,0.0,6.5024
0.1747915,0.0,6.5024
0.1763537,0.0,6.5024
0.1779136,0.0,6.5024
0.1794774,0.0,6.5024
0.1810408,0.0,6.5024
0.18261330000000003,0.0,6.5024
0.18418020000000002,0.0,6.5024
0.18573250000000002,0.0,6.5024
0.18728880000000003,0.0,6.5024
0.18886580000000003,0.0,6.5024
0.19042360000000003,0.0,6.5024
0.19206030000000002,0.0,6.5024
0.19361860000000003,0.0,6.5024
0.1951827,0.0,6.5024
0.196741,0.0,6.5024
0.1983068,0.0,6.5024
0.19986500000000001,0.0,6.5024
0.201447,0.0,6.5024
0.20301240000000004,0.0,6.5024
0.20458520000000002,0.0,6.5024
0.20616410000000002,0.0,6.5024
0.20776060000000002,0.0,6.5024
0.2093213,0.0,6.5024
0.2108852,0.0,6.5024
0.21245610000000004,0.0,6.5024
0.21400750000000002,0.0,6.5024
0.2156225,0.0,6.5024
0.2171841,0.0,6.5024
0.2187421,0.0,6.5024
0.22030670000000002,0.0,6.5024
0.2218623,0.0,6.5024
0.2234123,0.0,13.0048
0.22496860000000002,6.5024,13.0048
0.22655930000000002,6.5024,13.0048
0.2281131,6.5024,13.0048
0.22968900000000003,6.5024,13.0048
0.23124670000000003,6.5024,13.0048
0.23281050000000003,6.5024,13.0048
0.23436980000000002,6.5024,13.0048
0.23594310000000002,6.5024,13.0048
0.23749900000000002,6.5024,13.0048
0.2390871,6.5024,13.0048
0.2406991,6.5024,13.0048
0.24232920000000002,6.5024,13.0048
0.2439168,6.5024,13.0048
0.2456099,6.5024,13.0048
0.2473551,6.5024,13.0048
0.24896970000000002,6.5024,13.0048
0.2505376,6.5024,13.0048
0.25210730000000003,6.5024,13.0048
0.2536803,6.5024,13.0048
0.2552604,6.5024,13.0048
0.2568822,6.5024,13.0048
0.2584668,6.5024,13.0048
0.2600314,6.5024,13.0048
0.26158739999999997,6.5024,13.0048
0.2632163,6.5024,13.0048
0.2648141,6.5024,13.0048
0.26640840000000005,6.5024,13.0048
0.26809540000000004,6.5024,13.0048
0.2696538,6.5024,13.0048
0.27120890000000003,6.5024,13.0048
0.2728915,6.5024,13.0048
0.27445480000000005,6.5024,13.0048
0.27600930000000007,6.5024,13.0048
0.27756549999999997,6.5024,13.0048
0.2791381,6.5024,13.0048
0.2806916,6.5024,13.0048
0.28232280000000004,6.5024,13.0048
0.28387710000000005,6.5024,13.0048
0.2855931,6.5024,13.0048
0.2872043,6.5024,13.0048
0.28877939999999996,6.5024,13.0048
0.290407,6.5024,13.0048
0.29211309999999996,6.5024,13.0048
0.29368010000000005,6.5024,13.0048
0.29527890000000007,6.5024,13.0048
0.2968285,6.5024,13.0048
0.2983788,6.5024,13.0048
0.29992559999999996,6.5024,13.0048
0.3014813,6.5024,13.0048
0.30309579999999997,6.5024,13.0048
0.30472780000000005,6.5024,13.0048
0.30638000000000004,6.5024,13.0048
0.3079717,6.5024,13.0048
0.30953630000000004,6.5024,13.0048
0.3111,6.5024,13.0048
0.31277190000000005,6.5024,13.0048
0.3143563,6.5024,13.0048
0.3159353,6.5024,13.0048
0.3175261,6.5024,13.0048
0.31909270000000006,6.5024,13.0048
0.3206379,6.5024,13.0048
0.3221827,6.5024,13.0048
0.32374070000000005,6.5024,13.0048
0.32530300000000006,6.5024,13.0048
0.3268577,6.5024,13.0048
0.328405,6.5024,13.0048
0.32995,6.5024,13.0048
0.3315193,6.5024,13.0048
0.33312179999999997,6.5024,13.0048
0.3349903,6.5024,13.0048
0.33695040000000004,6.5024,13.0048
0.33883250000000004,6.5024,13.0048
0.34087400000000007,6.5024,13.0048
0.34287530000000005,6.5024,13.0048
0.34462450000000006,6.5024,13.0048
0.3462709,6.5024,13.0048
0.34786310000000004,6.5024,13.0048
0.3496094,6.5024,13.0048
0.3513732,6.5024,13.0048
0.3530718,6.5024,13.0048
0.35479279999999996,6.5024,13.0048
0.356685,6.5024,13.0048
0.3586424,6.5024,13.0048
0.3603627,6.5024,13.0048
0.36203710000000006,6.5024,13.0048
0.36389960000000005,6.5024,13.0048
0.3656069,6.5024,13.0048
0.3673226,6.5024,13.0048
0.36888650000000006,6.5024,13.0048
0.37065870000000006,6.5024,13.0048
0.37226940000000003,6.5024,13.0048
0.37401120000000004,6.5024,13.0048
0.3756496,6.5024,13.0048
0.37743350000000003,6.5024,13.0048
0.37927459999999996,6.5024,13.0048
0.38090760000000007,6.5024,13.0048
0.38249910000000004,6.5024,13.0048
0.384095,6.5024,13.0048
0.3856555,6.5024,13.0048
0.3872051,6.5024,13.0048
0.3887905,6.5024,13.0048
0.39037689999999997,6.5024,13.0048
0.39196290000000006,6.5024,13.0048
0.393562,6.5024,13.0048
0.3951811,6.5024,13.0048
0.39678209999999997,6.5024,13.0048
0.3983606,6.5024,13.0048
0.39992520000000004,6.5024,13.0048
0.4014771,6.5024,13.0048
0.4030676,6.5024,13.0048
0.4046317,6.5024,13.0048
0.40618420000000005,6.5024,13.0048
0.4077359,6.5024,13.0048
0.4092832,6.5024,13.0048
0.41085920000000004,6.5024,13.0048
0.4124203,6.5024,13.0048
0.41410090000000005,6.5024,13.0048
0.4156521,6.5024,13.0048
0.41719900000000004,6.5024,13.0048
0.41878200000000004,6.5024,13.0048
0.4203398,6.5024,13.0048
0.4218878,6.5024,13.0048
0.42345190000000005,6.5024,13.0048
0.4250052,6.5024,13.0048
0.4265482,6.5024,13.0048
0.4280979,6.5024,13.0048
0.42964910000000006,6.5024,13.0048
0.4311993,6.5024,13.0048
0.4327583,6.5024,13.0048
0.4343263,6.5024,13.0048
0.43590460000000003,6.5024,13.0048
0.4374526,6.5024,13.0048
0.4390247,6.5024,13.0048
0.44057050000000003,6.5024,13.0048
0.4421344,6.5024,13.0048
0.44371299999999997,6.5024,13.0048
0.44529900000000006,6.5024,13.0048
0.4468576,6.5024,13.0048
0.44841139999999996,6.5024,13.0048
0.4499543,6.5024,13.0048
0.4515273,6.5024,13.0048
0.4530854,6.5024,13.0048
0.45474660000000006,6.5024,13.0048
0.45632829999999996,6.5024,13.0048
0.45787439999999996,6.5024,13.0048
0.45942469999999996,6.5024,13.0048
0.4609732,6.5024,13.0048
0.46253110000000003,6.5024,13.0048
0.4640912,6.5024,13.0048
0.4656449,6.5024,13.0048
0.4672108,6.5024,13.0048
0.4688104,6.5024,13.0048
0.47035520000000003,6.5024,13.0048
0.47191770000000005,6.5024,13.0048
0.47357030000000006,6.5024,13.0048
0.4751311,6.5024,13.0048
0.47667490000000007,6.5024,13.0048
0.47822120000000007,6.5024,13.0048
0.47977909999999996,6.5024,13.0048
0.4814308,6.5024,13.0048
0.4830148,6.5024,13.0048
0.4845723,6.5024,13.0048
0.48613730000000005,6.5024,13.0048
0.4876826,6.5024,13.0048
0.4892254,6.5024,13.0048
0.49077299999999996,6.5024,13.0048
0.4923642,6.5024,13.0048
0.4939324,6.5024,13.0048
0.49569290000000005,6.5024,13.0048
0.49728960000000005,6.5024,13.0048
0.4988824,6.5024,13.0048
0.50044,6.5024,13.0048
0.5020275999999999,6.5024,13.0048
0.5036100000000001,6.5024,13.0048
0.5051775000000001,6.5024,13.0048
0.5067267,6.5024,13.0048
0.5083476,6.5024,13.0048
0.5098982999999999,6.5024,13.0048
0.5114751,6.5024,13.0048
0.5130515,6.5024,13.0048
0.5146096,6.5024,13.0048
0.5161865999999999,6.5024,13.0048
0.5178313999999999,6.5024,13.0048
0.5193969,6.5024,13.0048
0.5210629,6.5024,13.0048
0.522621,6.5024,13.0048
0.5241714,6.5024,13.0048
0.5257303,6.5024,13.0048
0.5272795000000001,6.5024,13.0048
0.5289252,6.5024,13.0048
0.5305031,6.5024,13.0048
0.5321027,6.5024,13.0048
0.5336719999999999,6.5024,13.0048
0.5352528000000001,6.5024,13.0048
0.5368101999999999,6.5024,13.0048
0.5383580000000001,6.5024,13.0048
0.5399275000000001,6.5024,13.0048
0.5415810999999999,6.5024,13.0048
0.5431513000000001,6.5024,13.0048
0.5447024,6.5024,13.0048
0.546268,19.5072,13.0048
0.5478368,26.0096,13.0048
0.54938,26.0096,13.0048
0.5509225,26.0096,13.0048
0.5524845,26.0096,13.0048
0.5540323,26.0096,13.0048
0.5555981999999999,26.0096,13.0048
0.5571539000000001,26.0096,13.0048
0.5587074000000001,26.0096,13.0048
0.5602591000000001,26.0096,13.0048
0.5618335999999999,26.0096,13.0048
0.5633859999999999,26.0096,13.0048
0.5649715,26.0096,13.0048
0.566522,26.0096,13.0048
0.5681985,26.0096,13.0048
0.5697448,26.0096,13.0048
0.571293,26.0096,13.0048
0.5728732999999999,26.0096,13.0048
0.5746344000000001,26.0096,13.0048
0.5762342,26.0096,13.0048
0.5778325,26.0096,13.0048
0.579388,26.0096,13.0048
0.5809465,26.0096,13.0048
0.582495,26.0096,13.0048
0.5840421,26.0096,13.0048
0.5856068000000001,26.0096,13.0048
0.5871725000000001,26.0096,13.0048
0.5887357,26.0096,13.0048
0.5902951000000001,26.0096,13.0048
0.5918612999999999,26.0096,19.5072
0.5934511,26.0096,19.5072
0.5950194,32.512,19.5072
0.5965706,45.516799999999996,19.5072
0.5981190000000001,71.5264,26.0096
0.5996816,91.03359999999999,32.512
0.6012294,97.536,32.512
0.6027951,123.54560000000001,32.512
0.6043498,149.5552,39.0144
0.6059003000000001,175.5648,45.516799999999996
0.6074672000000001,208.0768,45.516799999999996
0.6090114,240.5888,45.516799999999996
0.6105674000000001,279.6032,45.516799999999996
0.6121251999999999,318.6176,45.516799999999996
0.6136705,357.632,45.516799999999996
0.6152196000000001,403.1488,45.516799999999996
0.6167669,442.1632,45.516799999999996
0.6183194000000001,481.1776,45.516799999999996
0.6199631000000001,533.1968,45.516799999999996
0.6215227999999999,578.7135999999999,45.516799999999996
0.6230658,624.2304,45.516799999999996
0.6246735000000001,676.2496,45.516799999999996
0.6262459,728.2687999999999,45.4914
0.6278013,780.288,45.4914
0.6293522,838.8095999999999,45.466
0.6309019,903.8335999999999,45.466
0.6324554,968.8575999999999,45.4406
0.6340175000000001,1033.8816,45.415200000000006
0.635626,1105.4080000000001,45.3898
0.6371825,1176.9344,45.3644
0.6387303,1254.9632,45.339
0.6402931000000001,1339.4944,38.8112
0.6418425999999999,1430.528,32.2834
0.6434016,1515.0592,25.755599999999998
0.6449457999999999,1599.5904,19.2278
0.6465131,1690.6239999999998,6.1975999999999996
0.6481204,1781.6576,-6.832599999999999
0.6496991000000001,1879.1935999999998,-19.8628
0.6512462000000001,1989.7344,-39.3954
0.6527989999999999,2093.7728,-52.425599999999996
0.6543494999999999,2210.8160000000003,-71.9582
0.6559352,2314.8543999999997,-84.9884
0.6575198,2431.8976,-91.5162
0.6590982000000001,2548.9408,-111.0488
0.6606755,2665.984,-130.5814
0.6622286,2770.0224,-143.6116
0.6637900000000001,2867.5584,-156.6418
0.6653606000000001,2965.0944,-169.672
0.6669879000000001,3075.6352,-189.2046
0.6685417,3192.6784000000002,-202.2348
0.6700898,3322.7263999999996,-215.265
0.671643,3452.7744000000002,-228.2952
0.6732098,3576.32,-234.823
0.6747727000000001,3693.3632000000002,-241.3508
0.6763754,3816.9087999999997,-247.8786
0.6779265000000001,3933.9519999999998,-254.40640000000002
0.6794944,4050.9952,-267.4366
0.6810480000000001,4168.0383999999995,-267.462
0.6826013,4285.0815999999995,-273.9898
0.6841781,4402.1248,-280.5176
0.6857871,4525.6704,-287.04540000000003
0.6873463,4642.7136,-293.57320000000004
0.6889036,4759.7568,-306.6034
0.6904589999999999,4870.2976,-313.13120000000004
0.6920271,4987.3408,-319.659
0.6935937000000001,5104.384,-326.1868
0.6951438000000001,5208.4223999999995,-332.71459999999996
0.6967021,5312.4608,-339.2424
0.6982537,5416.4992,-345.7702
0.6998732000000001,5527.04,-358.80039999999997
0.7014379,5637.580800000001,-371.8306
0.7030186,5748.1216,-378.35839999999996
0.7046189,5858.6624,-391.3886
0.7061835999999999,5962.7008,-397.9164
0.7077310000000001,6073.2416,-410.9466
0.7093031999999999,6183.7824,-430.47920000000005
0.7108669000000001,6294.3232,-437.00700000000006
0.7124157,6398.3616,-450.03720000000004
0.7139678,6495.8976,-469.5698
0.7155107,6599.936000000001,-482.59999999999997
0.7170638,6690.969599999999,-502.13259999999997
0.7186172,6788.5056,-521.6652
0.7201674,6886.0416000000005,-534.6954000000001
0.7217269,6977.075199999999,-554.228
0.72329,7074.6112,-567.2582
0.7248838,7172.1472,-586.7908
0.7266112,7282.687999999999,-606.3234
0.728251,7373.7216,-619.3536
0.7299135999999999,7477.76,-645.3886
0.7315052,7568.793600000001,-658.4188
0.7331334,7653.3248,-677.9514
0.7348134,7744.3584,-690.9816
0.7367028,7822.3872,-704.0118
0.7383352999999999,7919.923199999999,-723.5444
0.7399557000000001,8004.4544000000005,-736.5746
0.7415346,8088.985600000001,-743.1024
0.7431669000000001,8160.512000000001,-756.1326
0.7448071,8258.048,-762.6604
0.7466472,8349.0816,-775.6906
0.7482242000000001,8446.6176,-788.7207999999999
0.7498195000000001,8537.6512,-801.7510000000001
0.7513645,8622.1824,-814.7812
0.7529519,8706.7136,-827.8114
0.7545076,8791.244799999999,-840.8416000000001
0.7561011,8882.278400000001,-853.8718
0.7576733,8966.8096,-866.902
0.7592855000000001,9051.3408,-879.9322
0.7608392000000002,9129.3696,-892.9624
0.7623934000000001,9213.900800000001,-905.9926
0.7639539,9304.9344,-912.5204
0.7655160000000001,9382.9632,-925.5506
0.7671285000000001,9460.992,-938.5808
0.7686924000000002,9552.0256,-951.611
0.7702420000000001,9623.552,-964.6411999999999
0.7718116000000002,9701.5808,-977.6714
0.7733636000000002,9792.6144,-990.7015999999999
0.7749474000000001,9883.648000000001,-990.727
0.7764942000000001,9974.6816,-997.2547999999999
0.7780471,10059.2128,-1003.7826
0.7795970000000001,10117.734400000001,-1003.808
0.7811440000000001,10169.7536,-1010.3358
0.7827288000000001,10228.2752,-1010.3612
0.7842866000000002,10299.801599999999,-1016.889
0.7858365,10364.8256,-1023.4168000000001
0.7873830000000002,10429.8496,-1023.4422000000001
0.7889357000000001,10488.3712,-1029.97
0.7905422,10546.8928,-1036.4978
0.7921262,10611.916799999999,-1036.5231999999999
0.7936758000000002,10663.936,-1049.5534
0.7952223,10715.9552,-1056.0811999999999
0.796799,10761.472,-1062.609
0.7983805000000002,10813.4912,-1069.1368
0.7999393000000001,10859.008,-1082.167
0.8014873,10911.0272,-1088.6948
0.8030389,10963.0464,-1095.2225999999998
0.8045906,11021.568,-1101.7504
0.806176,11080.0896,-1114.7805999999998
0.8077438000000001,11145.1136,-1121.3084
0.809312,11197.1328,-1127.8362
0.8108618000000001,11255.6544,-1134.364
0.8124245000000001,11307.6736,-1140.8917999999999
0.8139793,11359.6928,-1147.4196
0.8155408000000002,11405.2096,-1153.9474
0.8171176,11457.228799999999,-1160.4752
0.8186863,11502.7456,-1167.003
0.8202799000000001,11541.76,-1167.0284
0.8218539,11587.2768,-1167.0538000000001
0.8234696000000001,11632.7936,-1173.5816
0.8251152000000002,11665.3056,-1173.607
0.8267157,11704.32,-1180.1348
0.8283173000000001,11743.3344,-1180.1602
0.8298818000000001,11782.3488,-1186.6879999999999
0.8314478000000001,11821.3632,-1193.2158
0.833024,11853.8752,-1193.2412
0.8345769000000001,11892.889599999999,-1199.769
0.8361398,11925.4016,-1199.7944
0.837712,11957.9136,-1206.3222
0.8393055,11990.4256,-1206.3476
0.8408494,12009.932799999999,-1212.8754000000001
0.8424138000000001,12035.9424,-1212.9008000000001
0.8439607,12055.4496,-1212.9008000000001
0.8455084000000002,12074.9568,-1212.9261999999999
0.8470872,12094.464,-1212.9515999999999
0.8486438000000001,12120.4736,-1212.9515999999999
0.8501989000000001,12133.4784,-1212.9769999999999
0.8518369000000001,12159.488,-1219.5048
0.8534147000000001,12178.995200000001,-1219.5302
0.8549722,12192.0,-1219.5302
0.8565371000000002,12205.0048,-1219.5556000000001
0.858128,12211.5072,-1219.5556000000001
0.8597025,12218.0096,-1219.5810000000001
0.8616203,12224.511999999999,-1219.5810000000001
0.8632027,12231.0144,-1219.5810000000001
0.8647685,12237.5168,-1219.5810000000001
0.8663392000000001,12244.019199999999,-1219.5810000000001
0.8679375,12250.5216,-1219.5810000000001
0.8695202,12250.5216,-1219.5810000000001
0.8710741,12250.5216,-1219.5810000000001
0.8726234000000002,12250.5216,-1219.5810000000001
0.8741867000000001,12250.5216,-1219.5810000000001
0.8757622,12257.024,-1219.5810000000001
0.8773369,12257.024,-1213.0786
0.8788951,12257.024,-1213.0786
0.880465,12257.024,-1213.0786
0.8820206000000002,12257.024,-1213.0786
0.8836148000000001,12257.024,-1213.0786
0.8852180000000001,12257.024,-1213.0786
0.8868735000000001,12257.024,-1213.0786
0.8884345,12257.024,-1213.0786
0.8900021,12257.024,-1213.0786
0.8916219000000001,12257.024,-1213.0786
0.8932936,12257.024,-1213.0786
0.8948483,12257.024,-1213.0786
0.8963939000000001,12257.024,-1213.0786
0.8979439,12257.024,-1213.0786
0.8995233,12257.024,-1213.0786
0.9011079,12257.024,-1213.0786
0.9026807000000001,12257.024,-1213.0786
0.9042595,12257.024,-1213.1039999999998
0.9059294,12257.024,-1213.1039999999998
0.9074806,12257.024,-1213.1039999999998
0.909062,12257.024,-1213.1294
0.9106289000000001,12263.5264,-1213.1294
0.9122257,12270.0288,-1213.1548
0.9138092,12276.5312,-1213.1548
0.9153994000000001,12276.5312,-1213.1548
0.9171191000000001,12276.5312,-1213.1548
0.9187008000000001,12283.0336,-1213.1548
0.9202891,12283.0336,-1213.1802
0.9219851000000001,12289.536,-1213.1802
0.9235612,12302.5408,-1213.1802
0.9252200000000002,12309.0432,-1213.1802
0.9267813,12315.545600000001,-1213.1802
0.9284432,12322.048,-1213.2056
0.9300289000000002,12335.0528,-1213.2056
0.9315832000000002,12348.0576,-1213.231
0.9331744,12354.56,-1213.231
0.9347257,12367.5648,-1213.231
0.936307,12380.5696,-1213.2564
0.9378677,12380.5696,-1213.2564
0.9394565000000001,12380.5696,-1213.2564
0.9410177000000002,12380.5696,-1213.2564
0.9425697000000002,12380.5696,-1213.2818
0.9441158000000001,12380.5696,-1213.2818
0.9456610000000001,12380.5696,-1213.2818
0.9472989,12380.5696,-1213.2818
0.9488437000000001,12380.5696,-1213.2818
0.9504129000000001,12380.5696,-1213.2818
0.9519680000000001,12380.5696,-1213.2818
0.9535259,12387.072,-1213.2818
0.9551108000000001,12387.072,-1213.2818
0.9566616000000001,12387.072,-1213.2818
0.9582433000000001,12387.072,-1213.2818
0.9597960000000001,12387.072,-1213.2818
0.9613452,12387.072,-1213.2818
0.9630228000000001,12387.072,-1213.2818
0.964574,12387.072,-1213.2818
0.9661447000000001,12387.072,-1213.2818
0.9676951,12387.072,-1213.2818
0.9692413,12387.072,-1213.2818
0.9708362000000001,12387.072,-1213.2818
0.9724262000000001,12387.072,-1213.2818
0.9739862000000001,12387.072,-1213.2818
0.9755323,12387.072,-1213.2818
0.9770989000000001,12387.072,-1213.2818
0.9786915,12387.072,-1213.2818
0.9802646000000002,12387.072,-1213.2818
0.9818253000000001,12387.072,-1213.2818
0.9833928000000001,12387.072,-1213.2818
0.9849572,12387.072,-1213.2818
0.9865355,12387.072,-1213.2818
0.9881082000000001,12387.072,-1213.2818
0.9896635,12387.072,-1213.2818
0.9912438000000001,12387.072,-1213.2818
0.992812,12387.072,-1213.2818
0.9943574000000002,12387.072,-1213.2818
0.995913,12387.072,-1213.2818
0.9974652000000002,12387.072,-1213.2818
0.9990157000000002,12387.072,-1213.2818
1.0005595,12387.072,-1213.2818
1.0021352000000001,12387.072,-1213.2818
1.0036883,12387.072,-1213.2818
1.0052377000000001,12387.072,-1213.2818
1.0067854,12387.072,-1213.2818
1.0083335,12387.072,-1213.2818
1.0098783,12387.072,-1213.2818
1.0115697000000001,12387.072,-1213.2818
1.0133246,12387.072,-1213.2818
1.0149076000000001,12393.5744,-1213.2818
1.0164648,12393.5744,-1213.2818
1.0180189000000002,12393.5744,-1213.2818
1.0195604,12400.0768,-1213.2818
1.0211055,12406.5792,-1213.3072
1.0226609,12413.081600000001,-1213.3072
1.0242392,12426.0864,-1213.3072
1.0258869000000002,12445.5936,-1213.3072
1.0274582,12471.6032,-1213.3072
1.0290075,12504.1152,-1206.8048
1.0305711,12536.6272,-1200.3024
1.0321589,12569.1392,-1200.3024
1.0337092,12614.656,-1193.8
1.0352648,12653.6704,-1187.2976
1.0368179,12692.684799999999,-1187.2976
1.0383614,12731.699200000001,-1187.2976
1.0399246,12770.713600000001,-1187.2976
1.0415069000000001,12809.728,-1187.2976
1.0430615,12848.7424,-1187.2976
1.0446075000000001,12887.7568,-1187.2976
1.0461595000000001,12926.771200000001,-1193.8254
1.0477166,12965.785600000001,-1193.8254
1.0492728,12998.2976,-1193.8508000000002
1.0508188,13037.311999999998,-1193.8762000000002
1.0523963,13076.326400000002,-1193.9016
1.0539422,13115.3408,-1193.927
1.0554921000000002,13154.3552,-1200.4548
1.0570884,13206.374399999999,-1206.9826
1.0587744000000001,13258.3936,-1213.5104
1.0603621,13316.9152,-1226.5406
1.0619181,13381.939199999999,-1233.0683999999999
1.0634626,13433.958400000001,-1246.0986
1.0650373,13485.9776,-1252.6263999999999
1.066584,13544.499200000002,-1259.1542
1.0681321000000001,13596.518399999999,-1265.682
1.0696833000000001,13648.537600000001,-1278.7122
1.0712562,13700.5568,-1291.7423999999999
1.0730322,13765.5808,-1304.7726
1.0746103,13837.1072,-1317.8028
1.0761880000000001,13902.131200000002,-1330.8329999999999
1.0777388,13960.6528,-1343.8632
1.0792814000000002,14019.1744,-1350.3909999999998
1.0808772,14077.695999999998,-1363.4212
1.082446,14136.217600000002,-1376.4514000000001
1.0841126,14207.743999999999,-1389.4816
1.0857809,14272.768,-1409.0142
1.0873362,14344.2944,-1422.0444
1.0889142,14422.323199999999,-1441.577
1.090503,14487.3472,-1454.6072
1.0920528,14565.375999999998,-1474.1398
1.0936163,14630.4,-1487.1699999999998
1.0951671,14701.9264,-1500.2002
1.0968378,14779.955199999999,-1519.7328
1.0984304,14857.984,-1532.7630000000001
1.1000533000000001,14929.5104,-1545.7932
1.1016259000000002,15007.539200000001,-1558.8234
1.1031884,15079.0656,-1578.356
1.1047336,15163.5968,-1591.3862
1.1064009000000001,15248.127999999999,-1610.9188000000001
1.1079544000000001,15345.664,-1636.9538
1.1095303,15417.1904,-1649.9840000000002
1.1111689,15495.219200000001,-1669.5166
1.1127199,15579.7504,-1689.0492
1.1142644000000002,15644.7744,-1708.5818
1.1158137000000001,15729.305600000002,-1728.1144
1.1173603,15800.831999999999,-1747.6470000000002
1.1189459000000002,15872.358400000001,-1767.1796
1.1205372,15956.8896,-1786.7122000000002
1.1222450000000002,16041.4208,-1812.7472
1.1238552000000002,16125.952,-1838.7821999999999
1.1254049000000002,16197.478400000002,-1851.8124
1.1269882,16262.502400000001,-1871.345
1.1285416000000001,16334.0288,-1890.8775999999998
1.1300885,16399.0528,-1903.9078
1.1317239000000001,16470.5792,-1923.4404
1.1334948,16555.1104,-1949.4754
1.1351713,16652.646399999998,-1975.5104
1.1367422,16737.1776,-1995.0430000000001
1.1383219,16808.704,-2021.078
1.1398791000000001,16886.732799999998,-2040.6105999999997
1.1414635,16964.7616,-2066.6456000000003
1.1431015,17042.7904,-2086.1782
1.1446925000000001,17127.3216,-2112.2131999999997
1.1463296,17205.3504,-2131.7458
1.1478806000000001,17289.8816,-2157.7808
1.1494283,17367.9104,-2177.3134
1.1510170000000002,17452.441600000002,-2196.846
1.1525699,17530.470400000002,-2222.881
1.154129,17615.0016,-2242.4136
1.1556899,17686.528000000002,-2261.9462
1.1572878,17764.556800000002,-2281.4788
1.158871,17855.5904,-2301.0114000000003
1.1604315,17933.6192,-2327.0464
1.1620028,18024.6528,-2346.5789999999997
1.1635498,18109.184,-2372.614
1.1651011,18193.715200000002,-2398.6490000000003
1.1669678,18284.748799999998,-2418.1816
1.1685275000000002,18388.7872,-2450.719
1.1700786,18466.816,-2463.7492
1.1716302,18538.342399999998,-2483.2818
1.1732026,18616.3712,-2502.8143999999998
1.1747631,18700.9024,-2522.347
1.1763304,18772.428799999998,-2541.8795999999998
1.1778749000000002,18863.4624,-2574.417
1.1794256,18947.993599999998,-2600.4519999999998
1.1810150000000001,19032.5248,-2626.487
1.1825661,19130.0608,-2652.522
1.1841262000000001,19208.0896,-2678.557
1.1856909,19286.1184,-2704.592
1.1872355,19377.152000000002,-2730.627
1.1888279000000002,19455.1808,-2756.6620000000003
1.1904032,19539.712,-2782.697
1.1919522,19611.2384,-2802.2296
1.1935304,19682.7648,-2828.2646
1.1951038,19767.296000000002,-2854.2996
1.1968245,19845.3248,-2880.3346
1.1983887,19929.856,-2899.8672
1.1999375,20014.3872,-2919.3998
1.2015126,20092.415999999997,-2938.9324
1.2030778,20163.9424,-2951.9626000000003
1.2046744,20241.9712,-2977.9976
1.2062249,20306.9952,-2997.5302
1.2077745,20372.0192,-3023.5652
1.2093665,20450.048,-3056.1025999999997
1.2109102,20528.0768,-3075.6352
1.212493,20599.603199999998,-3088.6654
1.2140758,20671.1296,-3108.1980000000003
1.2156357,20736.1536,-3121.2282
1.2171854,20807.68,-3134.2584
1.2187313,20872.704,-3147.2886000000003
1.2203187,20937.728000000003,-3160.3188
1.2218734,21009.254399999998,-3173.349
1.2234808000000001,21074.2784,-3186.3792000000003
1.2251574,21145.8048,-3199.4093999999996
1.2267285,21217.3312,-3212.4396
1.2283103,21275.8528,-3225.4698
1.229876,21340.876800000002,-3238.5
1.2314245000000001,21392.896,-3245.0278000000003
1.2329927,21444.9152,-3258.058
1.2345544000000002,21509.9392,-3271.0882
1.236138,21568.4608,-3284.1184
1.2377001,21626.9824,-3297.1486
1.2392443,21692.0064,-3310.1787999999997
1.2408000000000001,21750.528,-3323.2090000000003
1.2423553,21809.049600000002,-3336.2392
1.2440345000000002,21867.571200000002,-3349.2694
1.2456176,21926.0928,-3362.2996
1.2471747,21984.6144,-3375.3298
1.2487347,22036.6336,-3381.8576000000003
1.2502838,22075.648,-3388.3853999999997
1.2518552,22127.6672,-3401.4156000000003
1.2534056,22179.6864,-3407.9434
1.2549719000000001,22238.208,-3420.9736
1.256548,22290.2272,-3434.0038000000004
1.2581063000000001,22342.2464,-3447.034
1.2596655,22394.2656,-3453.5618
1.2612283,22446.2848,-3466.5919999999996
1.2628111,22498.304,-3479.6222000000002
1.2645449,22550.323200000003,-3486.15
1.2662295000000001,22615.3472,-3499.1802
1.2678306000000001,22660.863999999998,-3505.708
1.2694706,22712.8832,-3512.2358000000004
1.2710338,22764.902400000003,-3525.266
1.2725892,22810.4192,-3525.2914
1.2741434,22855.935999999998,-3531.8192
1.2757216,22901.4528,-3538.347
1.2773527,22946.9696,-3551.3772
1.2789039,22992.4864,-3557.905
1.2804487,23044.5056,-3570.9352
1.2820090000000002,23090.022399999998,-3577.4629999999997
1.2835873,23129.036799999998,-3590.4932000000003
1.2851356,23168.0512,-3597.0209999999997
1.2866870000000001,23207.0656,-3603.5488
1.2882516000000002,23246.08,-3610.0766000000003
1.2898881,23285.094399999998,-3616.6044
1.2914374,23317.6064,-3623.1322
1.2929844000000001,23356.6208,-3629.66
1.2945251,23389.1328,-3629.6854
1.2960874,23421.644800000002,-3636.2132
1.2976381000000001,23454.1568,-3636.2386
1.2992132,23486.6688,-3642.7663999999995
1.3009089,23525.6832,-3649.2942
1.3024667,23564.6976,-3655.822
1.3040307,23603.712,-3662.3498000000004
1.305581,23636.224000000002,-3668.8776
1.3071395000000001,23675.238400000002,-3668.903
1.3086798000000002,23714.252800000002,-3675.4308
1.3102364,23753.2672,-3681.9586
1.3119693000000001,23798.784,-3694.9887999999996
1.3135532,23850.8032,-3701.5166
1.3150979,23896.32,-3708.0444
1.3166566000000002,23935.3344,-3714.5722000000005
1.3182117,23974.3488,-3721.1
1.3197816,24006.8608,-3721.1254
1.321367,24039.3728,-3727.6532
1.3230077,24078.3872,-3727.6786
1.3246642,24110.8992,-3734.2064
1.3262251,24156.416,-3740.7342
1.3277940000000001,24201.9328,-3740.7596
1.3293541,24240.9472,-3747.2873999999997
1.3310042,24286.464,-3753.8152
1.3325589,24338.4832,-3760.3430000000003
1.3341228,24384.0,-3766.8707999999997
1.3357084000000001,24436.0192,-3773.3986
1.3372862,24481.536,-3779.9264000000003
1.3388376,24533.5552,-3792.9565999999995
1.3403885,24585.5744,-3799.4844
1.3419335000000001,24637.5936,-3806.0122
1.3434752,24696.1152,-3812.5400000000004
1.3450264,24754.6368,-3825.5702
1.3467545,24819.6608,-3832.098
1.3484138,24891.1872,-3845.1281999999997
1.3499591,24956.211199999998,-3858.1584000000003
1.3515072000000001,25021.2352,-3864.6862
1.3530923000000001,25079.756800000003,-3871.214
1.3546514,25138.2784,-3884.2442
1.3562991,25203.3024,-3890.7720000000004
1.3578548000000001,25281.3312,-3897.2998
1.359405,25346.355199999998,-3903.8276
1.3609877000000001,25411.3792,-3903.853
1.3625438,25476.403199999997,-3910.3808000000004
1.3641033,25541.427200000002,-3916.9086
1.3656894000000002,25606.4512,-3929.9388
1.3672490000000002,25671.4752,-3942.9690000000005
1.3688754,25736.4992,-3949.4968
1.3704253000000002,25801.5232,-3962.527
1.3719993000000001,25860.044799999996,-3969.0548000000003
1.3735806000000002,25925.0688,-3975.5825999999997
1.3751277000000002,25990.0928,-3982.1104
1.3767085000000001,26055.1168,-3988.6382000000003
1.3782542,26126.6432,-4001.6683999999996
1.3798033,26198.169599999997,-4008.1962
1.3813479,26263.1936,-4008.2216
1.382903,26334.719999999998,-4014.7494
1.3844682000000001,26399.744000000002,-4014.7748
1.3860237,26464.768,-4021.3025999999995
1.3875775000000001,26536.294400000002,-4021.3279999999995
1.3891465,26601.3184,-4027.8558
1.3906959,26672.8448,-4034.3836
1.3922648,26744.3712,-4040.9114000000004
1.3938283,26809.3952,-4047.4392
1.3953736,26880.921599999998,-4053.967
1.3969388,26952.448,-4066.9972000000002
1.3985226000000002,27023.9744,-4073.5249999999996
1.4000956,27102.0032,-4080.0528
1.4016595,27180.032,-4086.5806000000002
1.4032206,27251.5584,-4099.6107999999995
1.4047705000000001,27329.5872,-4106.1386
1.4063237000000002,27401.1136,-4112.6664
1.4079042000000002,27479.142399999997,-4125.696599999999
1.4094576,27557.171199999997,-4132.2244
1.4110134,27635.2,-4138.7522
1.4125698,27719.731200000002,-4145.280000000001
1.4141119,27810.764800000004,-4158.3102
1.4156745000000002,27901.7984,-4171.3404
1.4172498,27992.832,-4177.8682
1.4188166,28083.8656,-4190.8984
1.4203834,28174.8992,-4197.4262
1.4221062,28285.44,-4203.954
1.4236705,28376.473599999998,-4203.9794
1.4252228,28467.5072,-4204.0048
1.4267739000000002,28558.5408,-4204.0302
1.4283214,28649.5744,-4204.0556
1.4298835,28734.105600000003,-4204.081
1.4314327,28818.6368,-4210.6088
1.4330731,28909.670400000003,-4210.6342
1.4346353,28994.2016,-4217.162
1.4361852000000002,29085.235200000003,-4217.187400000001
1.4377407,29176.268799999998,-4217.2128
1.4392925,29267.302399999997,-4217.2382
1.4408861000000002,29358.336,-4217.2382
1.4424331000000001,29455.872,-4217.2382
1.4439929,29546.905600000002,-4217.2382
1.4455427,29624.934400000002,-4217.2382
1.4471222000000001,29728.9728,-4217.2382
1.448668,29820.0064,-4217.2382
1.4502178000000001,29891.5328,-4217.2382
1.4517802,29982.566399999996,-4217.2382
1.4533493000000002,30080.1024,-4217.2382
1.4549623,30158.1312,-4217.263599999999
1.4565079,30249.1648,-4217.263599999999
1.4580601,30340.1984,-4217.289
1.4596043,30424.7296,-4217.289
1.4612230000000002,30509.2608,-4217.314399999999
1.4628216,30593.792,-4217.314399999999
1.4643794,30665.318399999996,-4217.314399999999
1.4659436000000001,30743.347200000004,-4217.3398
1.4674887,30814.873600000003,-4217.3398
1.4690417,30886.399999999998,-4217.3398
1.4707727000000002,30957.926399999997,-4217.3398
1.4725221000000002,31042.457599999998,-4217.3652
1.4740949,31113.984,-4217.3652
1.4756643,31185.5104,-4217.3652
1.477367,31257.036799999998,-4217.3652
1.4790345,31341.568,-4217.3906
1.4805822,31413.0944,-4217.3906
1.4821293,31484.6208,-4217.416
1.4836729,31549.644800000002,-4217.4414
1.4852167,31627.673600000002,-4217.4414
1.4868312000000001,31699.2,-4217.4668
1.4884593000000002,31777.2288,-4217.4668
1.4900464,31848.755199999996,-4217.4668
1.4915884000000001,31926.784000000003,-4217.4668
1.4931411,31998.3104,-4217.4668
1.4947213000000001,32063.334399999996,-4217.4922
1.4962932,32134.860800000002,-4217.4922
1.4978466000000001,32199.8848,-4217.5176
1.499433,32258.4064,-4217.5176
1.5010464000000001,32329.9328,-4217.543
1.5026556,32381.952,-4217.543
1.5042063,32433.9712,-4217.5684
1.5057671000000001,32492.492799999996,-4217.5938
1.5073168000000001,32538.009599999998,-4217.5938
1.5088653,32590.0288,-4217.6192
1.5104567,32635.5456,-4217.6192
1.5120616,32681.0624,-4217.6192
1.5136233000000001,32726.5792,-4217.6192
1.5151703,32772.096,-4217.6192
1.5167237,32811.1104,-4217.6192
1.5183202,32856.6272,-4217.6192
1.5198773,32895.6416,-4217.6192
1.5214604,32934.656,-4217.6446
1.5230189,32973.6704,-4217.6446
1.5246212000000001,33006.1824,-4217.6446
1.5262229,33045.1968,-4217.67
1.5277754000000001,33077.7088,-4217.67
1.529327,33103.7184,-4217.6954000000005
1.5308774,33129.727999999996,-4217.6954000000005
1.5324317,33149.2352,-4217.7208
1.5340277,33175.2448,-4217.7208
1.5355951,33188.2496,-4217.7462000000005
1.537148,33207.7568,-4217.7462000000005
1.5386944,33227.264,-4217.7462000000005
1.5404034,33246.7712,-4217.7462000000005
1.5419477000000001,33266.2784,-4217.7462000000005
1.5434982000000002,33279.2832,-4217.7462000000005
1.5450497,33292.288,-4217.7462000000005
1.5466119,33311.7952,-4217.7462000000005
1.5482127,33324.8,-4217.7462000000005
1.5498954,33344.307199999996,-4217.7462000000005
1.5514579000000002,33357.312,-4217.7462000000005
1.5530157,33370.3168,-4211.2438
1.5546060000000002,33376.819200000005,-4211.2438
1.5562509,33389.824,-4211.2438
1.5578094,33396.3264,-4211.2438
1.5593700000000001,33409.3312,-4211.2438
1.5609294,33415.833600000005,-4211.2438
1.5624911000000001,33422.335999999996,-4211.2438
1.5640771,33422.335999999996,-4211.2438
1.5657097,33422.335999999996,-4211.2438
1.5672703000000001,33422.335999999996,-4211.2438
1.5688280000000001,33422.335999999996,-4211.2438
1.5703776,33422.335999999996,-4211.2438
1.5719593,33422.335999999996,-4211.2438
1.5735253,33422.335999999996,-4211.2438
1.5751036,33422.335999999996,-4211.2438
1.576664,33428.8384,-4204.7414
1.5782222000000001,33428.8384,-4204.7414
1.579801,33441.8432,-4204.7414
1.5813819,33454.848,-4204.7414
1.5829411,33461.3504,-4204.7414
1.5844947,33474.3552,-4204.7414
1.5860433,33487.36,-4204.7414
1.5876957,33500.3648,-4204.7414
1.5893537,33513.3696,-4198.239
1.5909215,33526.3744,-4198.239
1.5924726,33532.8768,-4198.239
1.5940214000000001,33545.8816,-4198.239
1.5956198000000001,33552.384,-4198.239
1.5973364,33552.384,-4198.239
1.599072,33552.384,-4198.239
1.6006645000000002,33552.384,-4198.239
1.6022290000000001,33552.384,-4191.7366
1.603806,33558.886399999996,-4191.7366
1.6053823,33565.3888,-4185.2342
1.6069415,33571.8912,-4185.2342
1.6084955,33578.3936,-4185.2342
1.6100701000000002,33584.896,-4178.7318
1.6116703000000001,33591.3984,-4178.7318
1.6132262000000002,33591.3984,-4178.7318
1.6147722,33597.900799999996,-4172.2294
1.6163195000000001,33597.900799999996,-4172.2294
1.6178894000000001,33597.900799999996,-4172.2294
1.6194455,33597.900799999996,-4172.2294
1.6210155000000002,33597.900799999996,-4172.2294
1.6225648000000001,33597.900799999996,-4165.727
1.6241174,33597.900799999996,-4165.727
1.6256687,33597.900799999996,-4165.727
1.6272341000000001,33597.900799999996,-4165.727
1.6288155,33597.900799999996,-4165.727
1.6303625000000002,33597.900799999996,-4165.727
1.6319110000000001,33597.900799999996,-4165.727
1.633461,33597.900799999996,-4165.727
1.6350138,33597.900799999996,-4165.727
1.6365627,33597.900799999996,-4165.727
1.6381096000000002,33597.900799999996,-4165.727
1.6397324,33597.900799999996,-4159.2246000000005
1.6413051,33597.900799999996,-4159.2246000000005
1.6428682000000001,33597.900799999996,-4159.2246000000005
1.6444553000000002,33597.900799999996,-4159.2246000000005
1.6460012000000002,33597.900799999996,-4159.2246000000005
1.6475432,33597.900799999996,-4159.2246000000005
1.6490876,33597.900799999996,-4159.2246000000005
1.6506491,33597.900799999996,-4152.7222
1.6521949,33604.4032,-4152.7222
1.6537607,33610.9056,-4146.2198
1.6554021,33610.9056,-4139.7173999999995
1.6569617,33617.408,-4133.215
1.6585105,33617.408,-4133.215
1.6600620000000001,33617.408,-4126.7126
1.6616574000000002,33617.408,-4126.7126
1.6632155,33617.408,-4126.7126
1.6647629000000002,33617.408,-4126.7126
1.6663124,33617.408,-4126.7126
1.6678976,33617.408,-4126.7126
1.6694963,33623.9104,-4126.7126
1.6710725,33623.9104,-4126.7126
1.6726261,33623.9104,-4120.2101999999995
1.6741918,33623.9104,-4120.2101999999995
1.6757428,33623.9104,-4120.2101999999995
1.6772898,33623.9104,-4113.7078
1.6788361,33623.9104,-4113.7078
1.6804357,33623.9104,-4113.7078
1.6819957,33623.9104,-4107.205400000001
1.6835493000000001,33623.9104,-4107.205400000001
1.6851164,33623.9104,-4100.703
1.6867124,33623.9104,-4100.703
1.6882626,33623.9104,-4100.703
1.6898892,33623.9104,-4094.2006
1.6914358,33630.412800000006,-4087.6982
1.6930871,33630.412800000006,-4081.1957999999995
1.6946428,33630.412800000006,-4074.6934
1.6961941,33636.915199999996,-4061.6886
1.6977366,33636.915199999996,-4048.6838000000002
1.699341,33643.4176,-4029.1766
1.7008998,33643.4176,-4003.167
1.7024590000000002,33649.92,-3977.1574
1.7040407,33649.92,-3944.6454
1.7057073,33649.92,-3912.1333999999997
1.7072665,33649.92,-3879.6213999999995
1.7088386,33649.92,-3840.607
1.7104224000000001,33649.92,-3801.5926
1.7119723,33649.92,-3769.0806
1.7135375000000002,33649.92,-3730.0662
1.7151025,33649.92,-3684.5494
1.7166652,33649.92,-3645.5350000000003
1.7182168,33649.92,-3613.023
1.7198129,33649.92,-3580.511
1.7213627,33649.92,-3547.9990000000003
1.7230117,33649.8946,-3515.487
1.7245617,33649.8946,-3489.4774
1.726174,33649.8946,-3456.9654
1.7277618000000001,33649.8692,-3430.9558
1.7293284,33649.8692,-3398.4438
1.730907,33649.8438,-3378.9366
1.7324705,33649.818400000004,-3359.4293999999995
1.7340372000000002,33649.793,-3339.9222
1.735603,33649.793,-3326.9174
1.7371599,33649.7676,-3313.9126
1.7387121,33649.7422,-3294.4054
1.7402604000000002,33649.7168,-3281.4006
1.7418491,33649.7168,-3261.8934000000004
1.7435494,33649.6914,-3242.3862
1.7451092000000001,33649.666,-3222.879
1.7466737,33649.6406,-3203.3718000000003
1.7483055,33649.6152,-3183.8646
1.7498597,33643.0874,-3164.3574
1.7514088,33636.5596,-3144.8502000000003
1.7530101,33630.0318,-3118.8406
1.7545913,33617.0016,-3099.3334
1.7563496,33610.4738,-3073.3237999999997
1.7579259,33603.946,-3047.3142
1.7595135000000002,33597.4182,-3027.8070000000002
1.7610984,33597.3928,-3001.7974
1.7627006000000003,33590.865000000005,-2982.2902
1.7642496,33584.337199999994,-2962.783
1.7658181,33577.8094,-2943.2758
1.7673775,33571.2816,-2930.2709999999997
1.7689397,33571.2562,-2917.2662
1.7704853999999999,33558.226,-2897.759
1.7720531000000002,33551.6982,-2884.7542
1.7736112000000002,33551.6728,-2871.7493999999997
1.7752419,33545.145000000004,-2852.2422
1.7767943,33532.1148,-2839.2374
1.7783377999999999,33532.0894,-2826.2326000000003
1.7798938000000002,33525.5616,-2813.2277999999997
1.7814354000000001,33519.0338,-2800.223
1.7829841,33506.003600000004,-2787.2182
1.7845456000000002,33499.4758,-2774.2134
1.7861173000000001,33486.4456,-2761.2086
1.7876650000000003,33473.415400000005,-2748.2038000000002
1.7892370000000002,33466.8876,-2735.199
1.7908218,33453.8574,-2728.6965999999998
1.7923788999999999,33447.3296,-2715.6918
1.7939403000000003,33434.2994,-2709.1894
1.7954845,33421.2692,-2702.687
1.7970379,33414.7414,-2689.6822
1.7985934,33401.711200000005,-2683.1798
1.8001392999999999,33388.681000000004,-2676.6774
1.8016984,33382.1532,-2663.6726
1.8032491000000002,33369.123,-2650.6678
1.8047933000000003,33356.0928,-2637.663
1.8063592,33343.0626,-2624.6582
1.8079097,33330.0324,-2611.6533999999997
1.8094597,33317.0022,-2598.6486
1.8110148,33310.4744,-2585.6438
1.8125679000000001,33290.9418,-2572.639
1.8141143000000002,33277.9116,-2553.1317999999997
1.8156613000000001,33258.379,-2540.127
1.8172118000000002,33245.3488,-2520.6198
1.8187819,33225.8162,-2507.615
1.8203335999999999,33206.2836,-2494.6102
1.8218896000000002,33186.751,-2475.103
1.8234497,33160.716,-2455.5958
1.8249931000000001,33141.183399999994,-2436.0886
1.8265324000000003,33121.6508,-2410.0789999999997
1.8281072999999999,33095.6158,-2390.5718
1.8296681,33069.5808,-2371.0646
1.8312225000000002,33043.5458,-2345.0550000000003
1.8328455000000001,33017.5108,-2325.5478
1.8344142,32991.4758,-2299.5382
1.8359589000000003,32965.4408,-2280.031
1.8375065000000002,32945.9082,-2254.0214
1.8390558,32919.8732,-2234.5142
1.8406091000000002,32893.838200000006,-2208.5045999999998
1.8421843000000002,32874.3056,-2188.9973999999997
1.8437341999999999,32848.2706,-2162.9878
1.8452984000000001,32822.2356,-2136.9782
1.8468395,32796.2006,-2117.471
1.8483807,32770.1656,-2091.4614
1.849934,32744.1306,-2065.4518
1.8515384000000001,32718.0956,-2045.9445999999998
1.8531271000000002,32692.060599999997,-2026.4374
1.8547046999999999,32672.528,-2006.9302
1.8562699000000003,32646.493000000002,-1987.4229999999998
1.8578268,32620.458000000002,-1967.9158000000002
1.8593873,32600.9254,-1948.4086
1.8609323000000002,32574.8904,-1928.9014
1.8624811,32555.357799999998,-1915.8965999999998
1.8640294,32529.3228,-1889.887
1.8655822000000002,32503.287800000002,-1870.3798
1.8671624,32477.2528,-1850.8726000000001
1.8687177000000001,32457.7202,-1824.863
1.8702612,32431.685199999996,-1798.8534
1.8718339000000002,32412.152599999998,-1779.3462000000002
1.8734070999999999,32386.1176,-1753.3365999999999
1.8749686,32360.0826,-1727.327
1.8765416000000001,32334.047599999998,-1707.8198000000002
1.8781083000000003,32301.5102,-1688.3126
1.8796587,32275.4752,-1668.8054
1.8813118,32242.9378,-1649.2982000000002
1.8828793000000001,32210.400400000002,-1629.791
1.8844459,32177.863,-1610.2838
1.8860146,32145.325599999996,-1590.7766000000001
1.8875918000000003,32119.2906,-1571.2694
1.8891563,32080.250799999998,-1551.7622000000001
1.890716,32047.7134,-1532.2549999999999
1.8922883,32015.176,-1512.7477999999999
1.8938403000000001,31976.136200000004,-1493.2406
1.8953921000000002,31943.5988,-1480.2358000000002
1.8969525999999999,31904.558999999997,-1454.2262
1.8985581,31859.016799999998,-1441.2214
1.9001379999999999,31819.977000000003,-1421.7142000000001
1.9016832000000001,31774.4348,-1402.2069999999999
1.9032533999999999,31728.8926,-1389.2022
1.9048056000000002,31683.3504,-1369.695
1.9063513,31644.310599999997,-1350.1878000000002
1.9079035,31605.270800000002,-1330.6806
1.9094545,31559.728600000002,-1311.1734
1.9110171000000002,31520.6888,-1291.6662000000001
1.9125918000000002,31475.1466,-1278.6614
1.9141565999999999,31429.604400000004,-1259.1542
1.9157443000000003,31390.564599999998,-1239.647
1.917333,31345.0224,-1226.6422
1.9188806000000003,31305.9826,-1207.135
1.9204438,31266.9428,-1187.6278
1.9220401999999999,31221.4006,-1174.623
1.9236378,31175.858399999997,-1155.1157999999998
1.9252116000000001,31130.3162,-1142.1109999999999
1.9267656000000002,31091.276400000002,-1122.6038
1.9283154,31052.2366,-1109.599
1.9298564,31013.1968,-1096.5942
1.9314038000000002,30974.157,-1083.5893999999998
1.9329821999999999,30935.1172,-1070.5846
1.9345729000000003,30889.574999999997,-1057.5798
1.9362591000000002,30857.0376,-1044.575
1.9378187,30817.997799999997,-1031.5702
1.9393643,30778.958,-1018.5654
1.9409073,30739.918199999996,-1005.5606
1.9424686,30700.8784,-992.5558
1.9440336000000003,30655.3362,-979.551
1.945632,30609.793999999998,-960.0437999999999
1.9472306,30557.749399999997,-940.5366
1.9488003,30512.2072,-921.0294
1.9503782,30466.665,-908.0246000000001
1.9519334,30421.122799999997,-888.5174
1.9534803,30375.5806,-875.5126
1.9550451000000002,30330.0384,-862.5078
1.9566239,30277.9938,-849.503
1.9582234000000003,30225.949199999995,-843.0006000000001
1.9598803000000002,30173.904599999998,-829.9957999999999
1.9614347,30102.3528,-810.4886
1.9629852,30043.805800000002,-790.9814
1.964533,29998.2636,-777.9766
1.9661011000000002,29939.716599999996,-758.4694
1.9676571999999999,29887.672,-738.9622
1.9692043000000001,29835.6274,-725.9574
1.9707628,29777.0804,-712.9526
1.9723275000000002,29725.0358,-693.4454
1.9738784,29666.4888,-680.4406
1.9754268,29614.4442,-660.9334
1.9770076,29562.3996,-641.4262
1.9785572000000002,29510.355000000003,-621.919
1.980104,29458.3104,-602.4118
1.9816565,29399.763399999996,-582.9046000000001
1.9832352,29354.2212,-569.8997999999999
1.9847835999999999,29302.1766,-550.3926
1.9863411,29250.132,-530.8854
1.9878844000000002,29198.0874,-511.37820000000005
1.9894607000000002,29146.042799999996,-491.871
1.9910073,29093.998199999998,-472.36379999999997
1.9925539,29035.4512,-459.35900000000004
1.9941048,28983.4066,-439.85179999999997
1.9956574,28931.362,-420.3446
1.9972079,28885.8198,-407.33979999999997
1.9987549,28833.775200000004,-394.33500000000004
2.0003064,28788.232999999997,-381.3302
2.0018507999999997,28736.1884,-368.3254
2.0034026999999996,28684.1438,-355.3206
2.0049533,28632.0992,-335.8134
2.0066124999999997,28586.557,-316.3062
2.0081596999999998,28534.512399999996,-290.2966
2.0097066,28482.4678,-270.7894
2.011259,28423.9208,-244.7798
2.0128264,28365.373799999998,-225.2726
2.0143757,28300.324399999998,-199.26299999999998
2.0159456,28241.7774,-179.7558
2.0175011,28183.230399999997,-160.2486
2.019058,28124.683399999998,-140.7414
2.0206063999999997,28066.136399999996,-114.7318
2.0221503,28007.589399999997,-88.7222
2.0237013999999998,27949.0424,-69.215
2.0252508,27890.495400000003,-36.703
2.0268127,27831.9484,-17.1958
2.0283631,27786.406199999998,8.813799999999999
2.0299084,27727.8592,34.8234
2.0314522999999998,27675.814599999998,54.3306
2.0329994,27623.77,80.3402
2.0345388,27571.725400000003,99.8474
2.0360764,27513.1784,119.3546
2.0376372999999997,27461.133800000003,145.36419999999998
2.0391949,27402.5868,164.8714
2.0407387999999997,27350.542199999996,190.881
2.0423031999999997,27298.4976,210.3882
2.0438468,27246.452999999998,236.3978
2.045416,27200.9108,262.4074
2.0470283,27155.3686,288.41700000000003
2.0485973,27109.826399999998,307.9242
2.0501614999999997,27064.2842,327.4314
2.0517052,27018.742000000002,353.44100000000003
2.0532489,26973.1998,366.4458
2.0548031,26927.6576,385.95300000000003
2.0563466999999997,26875.613,405.46020000000004
2.0578874999999996,26830.0708,424.9674
2.0594299,26778.026200000004,450.977
2.0609891,26725.9816,470.48420000000004
2.0625329,26673.936999999998,496.49379999999996
2.0640747,26628.394800000002,516.001
2.0656263,26582.852600000002,542.0106
2.0671741,26543.8128,561.5178000000001
2.0687362,26498.2706,581.025
2.0703063,26452.728400000004,600.5322
2.0718476,26394.1814,626.5418000000001
2.0734084999999998,26348.639199999998,646.049
2.0749532,26296.5946,665.5562
2.076513,26244.55,685.0634
2.0780634,26186.003,704.5706
2.0796164999999998,26133.9584,724.0778
2.0811941,26081.913800000002,743.5849999999999
2.0827527999999997,26023.366800000003,763.0922
2.0843076999999997,25971.322200000002,782.5994000000001
2.085851,25912.775200000004,802.1066000000001
2.0874107,25860.7306,821.6138
2.0890629,25802.183599999997,834.6186
2.0907491,25743.636599999998,854.1257999999999
2.0923498,25691.591999999997,873.633
2.0941989999999997,25620.040200000003,893.1402
2.0958061999999997,25554.9908,919.1497999999999
2.0975473,25483.439,938.657
2.0991096,25424.892,951.6618
2.1006555,25366.345,971.169
2.1022005,25307.798,984.1737999999999
2.1037876,25255.7534,997.1786000000001
2.1053729999999997,25197.2064,1010.1834
2.1069563,25145.1618,1029.6906
2.1085361999999996,25093.1172,1042.6953999999998
2.110098,25041.0726,1055.7002
2.1116477,24995.5304,1068.705
2.1133878,24943.4858,1088.2122
2.1149780999999996,24884.9388,1101.2169999999999
2.1166307,24826.3918,1120.7242
2.1182323,24780.8496,1140.2314000000001
2.1198205,24728.805,1153.2362
2.1214112,24676.7604,1172.7433999999998
2.1233214,24631.2182,1185.7482
2.1248943,24572.671199999997,1198.753
2.1264466,24533.631400000002,1211.7578
2.1279874,24488.0892,1224.7626
2.1296253999999997,24436.0446,1237.7674
2.1311982,24390.5024,1250.7722
2.1327534,24344.960199999998,1270.2794
2.1343205999999997,24292.9156,1289.7866
2.1359135,24247.3734,1302.7914
2.1374622999999997,24195.3288,1315.7962
2.1390115,24143.284200000002,1335.3034
2.1405631,24097.742,1354.8106
2.1421080999999997,24045.6974,1367.8154000000002
2.1436747,23993.6528,1387.3226
2.1452187,23948.1106,1406.8298
2.1467801,23902.5684,1426.337
2.1483916,23863.5286,1445.8442
2.1499492,23817.9864,1458.849
2.1514990999999997,23772.444199999998,1478.3562
2.1530468,23726.902000000002,1491.361
2.1545981999999997,23687.8622,1504.3658
2.1561462,23642.32,1517.3706
2.157724,23596.7778,1523.873
2.1593385,23557.738,1536.8778
2.1608823,23512.195799999998,1556.385
2.1624306,23473.156,1562.8874
2.164005,23427.6138,1575.8922
2.1655712,23388.574,1588.897
2.1671348999999998,23349.534200000002,1608.4042000000002
2.1686995,23310.4944,1614.9066
2.1702728,23271.4546,1627.9114
2.1718222999999997,23232.4148,1640.9162
2.1733903999999997,23193.375,1653.921
2.1749323,23154.335199999998,1660.4234
2.1765982999999998,23108.793,1673.4281999999998
2.1781455999999997,23069.7532,1679.9306000000001
2.1797282,23037.2158,1692.9354
2.1812975,23004.678399999997,1699.4378
2.1828627,22965.638600000002,1705.9402
2.1844313,22939.6036,1712.4426
2.1859897999999998,22907.0662,1718.945
2.1875385,22874.5288,1725.4474000000002
2.1891368,22841.9914,1725.4474000000002
2.1906931,22815.9564,1731.9497999999999
2.192236,22783.419,1738.4522000000002
2.1937954,22757.384,1744.9545999999998
2.1953715,22737.8514,1751.457
2.1969266999999997,22711.8164,1764.4618
2.1985145,22692.2838,1770.9642
2.2001473999999996,22672.7512,1777.4666
2.2017330999999998,22646.716200000003,1790.4714
2.2032968,22627.1836,1796.9738000000002
2.2048698,22614.1534,1803.4761999999998
